{"cameraMode":{"drawMode":0,"name":"Shaded","section":"Shading Mode"},"sceneLighting":true,"audioPlay":false,"sceneViewState":{"showFog":true,"showMaterialUpdate":true,"showSkybox":true,"showFlares":true,"showImageEffects":true,"showParticleSystems":true},"in2DMode":false,"pivot":{"x":2.021984100341797,"y":-0.1343020498752594,"z":1.3917620182037354},"rotation":{"x":0.061783235520124438,"y":0.2109692543745041,"z":-0.013649391941726208,"w":0.975541889667511},"size":2.2623064517974855,"orthographic":false}